{
  "source_file": "projects/NSFC_General/template/2026年最新word模板-1.面上项目-正文.pdf",
  "file_size_kb": 64.7,
  "layout": {
    "page_size_cm": [
      20.99,
      29.7
    ],
    "margins_cm": {
      "left": 3.0,
      "right": 2.75,
      "top": 2.63,
      "bottom": 3.4
    }
  },
  "fonts": {
    "KaiTi": {
      "count": 61,
      "sizes": [
        13.78,
        13.92,
        15.92
      ],
      "colors": [],
      "is_bold": false
    },
    "SimSun": {
      "count": 12,
      "sizes": [
        12.0
      ],
      "colors": [],
      "is_bold": false
    },
    "ArialMT": {
      "count": 2,
      "sizes": [
        13.92
      ],
      "colors": [],
      "is_bold": false
    }
  },
  "line_spacing_pt": 0
}